truck_id,unit_number,make,model_year,vin,acquisition_date,acquisition_mileage,fuel_type,tank_capacity_gallons,status,home_terminal,total_maintenance_cost,total_downtime_hours,maintenance_events_count
TRK00001,3463,Peterbilt,2016,1VV205190335317039,2017-04-27,18814,Diesel,200,Active,Omaha,51775.99,713.2,24
TRK00002,6461,Kenworth,2015,1NV753749606229960,2018-10-04,26795,Diesel,150,Active,Seattle,54869.04,665.3,27
TRK00003,2335,Peterbilt,2018,1NT803101860493229,2020-09-17,11795,Diesel,150,Maintenance,Atlanta,90161.42,1133.1,41
TRK00004,3317,Freightliner,2015,1VV131945381692351,2017-06-17,8875,Diesel,200,Active,Salt Lake City,38561.82,483.2,22
TRK00005,6731,Freightliner,2016,1FT822215709701985,2021-10-08,42042,Diesel,250,Maintenance,Miami,66088.45,750.6,33
TRK00006,6082,Kenworth,2017,1VV963516965177788,2018-05-12,47794,Diesel,150,Active,Minneapolis,50780.83,587.7,26
TRK00007,7421,Volvo,2019,1MV134100489809236,2020-01-29,42328,Diesel,200,Active,Charlotte,25868.97,415.7,20
TRK00008,3112,Mack,2015,1MV426140684859204,2015-01-27,27548,Diesel,150,Active,Houston,33024.74,483.0,19
TRK00009,2388,International,2015,1VU871233565012431,2016-11-04,24540,Diesel,250,Active,Denver,40333.84,522.3,19
TRK00010,6072,Volvo,2015,1MU182160377362421,2017-12-11,25066,Diesel,200,Active,Columbus,50406.72,603.1,25
TRK00011,7171,Freightliner,2015,1FT567947164925037,2021-01-06,29395,Diesel,200,Active,Portland,46464.63,656.6,23
TRK00012,6381,Freightliner,2015,1MU483021764762154,2017-02-08,24739,Diesel,250,Active,Las Vegas,40327.38,450.1,21
TRK00013,3093,Volvo,2018,1NU908806171429154,2020-10-25,24618,Diesel,250,Active,Phoenix,57951.159999999996,868.5,34
TRK00014,9624,International,2015,1VV247228896414388,2019-04-11,5259,Diesel,150,Active,Nashville,71801.82,940.4,34
TRK00015,2531,International,2015,1VV219552826957760,2017-02-12,44743,Diesel,200,Active,Memphis,33711.95,562.5,21
TRK00016,7937,Freightliner,2015,1VT237947763097353,2015-05-26,43371,Diesel,150,Active,Nashville,36448.05,437.09999999999997,18
TRK00017,9331,Mack,2017,1VU258614207044782,2017-07-06,35343,Diesel,200,Maintenance,Portland,46265.840000000004,510.0,20
TRK00018,6928,International,2015,1FT570778303307847,2016-02-16,8715,Diesel,150,Active,Dallas,42430.74,664.5,25
TRK00019,1298,International,2015,1NT468662011712903,2021-02-13,42830,Diesel,200,Active,Omaha,28662.15,337.1,16
TRK00020,6940,Kenworth,2015,1VT279404061535276,2017-07-25,22791,Diesel,250,Active,Kansas City,56990.95,711.8,27
TRK00021,6060,Mack,2018,1MV661551799038494,2018-07-11,7774,Diesel,150,Inactive,Detroit,38803.04,641.1,21
TRK00022,3953,Kenworth,2017,1VU201382802563540,2018-03-13,11696,Diesel,200,Inactive,Houston,48894.75,592.1,26
TRK00023,4509,Peterbilt,2015,1MV342228599481462,2019-07-09,35209,Diesel,200,Active,Milwaukee,49365.87,600.7,26
TRK00024,6598,Volvo,2015,1VT416775529985868,2018-04-08,25759,Diesel,150,Active,Dallas,42592.229999999996,705.5,22
TRK00025,8967,Freightliner,2018,1MV857192659408369,2020-02-13,34658,Diesel,250,Active,Dallas,44082.12,570.1,23
TRK00026,4145,International,2021,1MU109206419984555,2021-02-23,8345,Diesel,250,Active,Miami,70708.48,787.9,32
TRK00027,4711,Peterbilt,2015,1FU919098643889893,2016-04-12,47700,Diesel,150,Maintenance,New York,44230.56,599.3,24
TRK00028,3253,Kenworth,2015,1VU150939883819521,2020-09-21,14594,Diesel,150,Maintenance,Portland,43892.35,439.1,19
TRK00029,3538,International,2016,1MT732548052826703,2016-01-20,227,Diesel,200,Active,Milwaukee,39776.71,540.1,23
TRK00030,2264,Volvo,2015,1NU424938126853269,2016-04-14,49556,Diesel,200,Active,Salt Lake City,53327.96,679.5,28
TRK00031,5846,Kenworth,2018,1FU607053119824892,2019-10-30,1489,Diesel,250,Active,New York,51097.4,579.5,24
TRK00032,2657,Mack,2015,1VV787975078730489,2018-01-31,19553,Diesel,250,Maintenance,Oklahoma City,68762.34,814.3000000000001,31
TRK00033,9317,Mack,2015,1FT208855839098628,2018-01-24,30343,Diesel,250,Active,Portland,67514.43000000001,908.2,32
TRK00034,9843,Freightliner,2015,1MU728063113988930,2020-05-07,44138,Diesel,150,Maintenance,Seattle,52843.72,710.8,31
TRK00035,9626,International,2015,1VT778313629938960,2019-05-10,47126,Diesel,150,Active,Denver,40952.3,516.8,19
TRK00036,1618,Peterbilt,2020,1MV151007204500818,2020-11-06,35680,Diesel,150,Active,Los Angeles,27522.41,323.9,14
TRK00037,6517,Freightliner,2018,1FT474970889663627,2020-05-12,27795,Diesel,250,Maintenance,Dallas,41154.92,582.6,21
TRK00038,3147,International,2015,1MV267690370888657,2019-02-18,34860,Diesel,250,Active,Atlanta,68989.14,796.4,31
TRK00039,7172,International,2015,1NU790256784273010,2019-10-16,24856,Diesel,250,Active,Detroit,47581.13,557.0,24
TRK00040,3527,International,2015,1VT932401669552606,2020-01-22,15051,Diesel,250,Active,Minneapolis,67557.74,665.1,26
TRK00041,3658,International,2015,1VV671184850440720,2015-04-01,16220,Diesel,150,Active,Denver,59685.24,524.7,25
TRK00042,3962,International,2019,1MV437535307599343,2020-04-15,30187,Diesel,200,Maintenance,Omaha,48687.47,496.4,23
TRK00043,3712,Freightliner,2019,1MT472942182331015,2021-02-27,22685,Diesel,150,Active,Miami,40867.47,488.6,19
TRK00044,8170,Volvo,2015,1FU446413094240484,2020-01-07,10166,Diesel,200,Active,Los Angeles,69825.23,1080.4,38
TRK00045,1715,Volvo,2015,1FV398961826922119,2016-06-18,18064,Diesel,200,Active,New York,45247.090000000004,571.2,23
TRK00046,7731,Freightliner,2015,1NV756988482935978,2016-10-19,12352,Diesel,150,Inactive,Dallas,57517.48,974.5,29
TRK00047,6968,Mack,2015,1MT808220883834648,2015-09-06,47515,Diesel,150,Maintenance,Phoenix,28243.39,397.2,16
TRK00048,4891,Volvo,2015,1MT866431853044978,2015-07-04,7395,Diesel,150,Active,Las Vegas,43187.16,583.2,20
TRK00049,8277,Peterbilt,2015,1NT223732426577573,2016-12-20,2111,Diesel,250,Active,Minneapolis,33245.43,339.8,16
TRK00050,5668,Peterbilt,2015,1NT453185644930902,2015-09-03,43266,Diesel,150,Active,Columbus,55990.68,687.7,29
TRK00051,8355,Mack,2016,1MT877433803899130,2018-05-19,27475,Diesel,250,Active,Columbus,49991.87,577.3,23
TRK00052,4833,Freightliner,2015,1NU972541941349939,2018-06-17,40299,Diesel,200,Active,Indianapolis,63757.21,737.3,31
TRK00053,9749,Peterbilt,2015,1MV170122760242723,2020-04-23,1025,Diesel,150,Active,Las Vegas,50297.23,635.0,27
TRK00054,4918,Freightliner,2016,1NV731502816958608,2017-01-26,15772,Diesel,250,Active,Los Angeles,54702.23,681.4,30
TRK00055,6070,Peterbilt,2017,1VV691633799611733,2021-03-28,13505,Diesel,250,Active,Atlanta,60433.32,689.5,29
TRK00056,8684,Kenworth,2015,1MU294987034236724,2016-09-29,4409,Diesel,250,Inactive,Dallas,39387.64,536.3,20
TRK00057,4178,Mack,2015,1MV715049377005134,2017-01-16,6612,Diesel,150,Active,Denver,57753.94,651.2,25
TRK00058,7026,Mack,2015,1VV866452895220495,2018-08-10,38924,Diesel,200,Active,Columbus,45745.44,414.9,20
TRK00059,8218,Mack,2015,1VV316468431256116,2018-12-03,2200,Diesel,150,Active,Dallas,34580.8,450.0,18
TRK00060,8564,Freightliner,2015,1NU436079292908621,2015-05-16,29257,Diesel,250,Active,Kansas City,39199.82,641.4,26
TRK00061,5616,International,2018,1NU425390034513228,2021-05-16,39176,Diesel,200,Active,Kansas City,43993.58,530.4,24
TRK00062,7256,Mack,2017,1NV650570590608475,2018-01-21,44041,Diesel,200,Active,Seattle,59646.64,862.1,31
TRK00063,9239,Peterbilt,2015,1VU731052452964922,2016-04-24,46090,Diesel,200,Active,Portland,46669.04,674.8,27
TRK00064,9641,Kenworth,2020,1VU745675841954861,2021-03-04,3190,Diesel,200,Active,Atlanta,46296.36,510.2,22
TRK00065,7859,Freightliner,2015,1MU488586386042743,2018-07-10,16038,Diesel,250,Active,Detroit,57516.6,589.8,26
TRK00066,3655,Peterbilt,2015,1NU423840714792581,2016-10-28,48532,Diesel,250,Maintenance,Las Vegas,33670.7,660.3,21
TRK00067,4271,International,2015,1FU598074146039095,2016-12-07,2899,Diesel,200,Active,Portland,45375.28,757.6,29
TRK00068,3267,Peterbilt,2020,1VV340928248098898,2021-07-31,26362,Diesel,200,Active,Omaha,48803.94,632.3,26
TRK00069,5096,Mack,2016,1NV883821060467126,2021-05-13,28767,Diesel,200,Active,Dallas,35126.99,366.7,18
TRK00070,1854,Kenworth,2015,1VT793191010829814,2017-11-13,15357,Diesel,200,Active,Oklahoma City,36142.32,307.7,15
TRK00071,8873,Mack,2017,1NT854162115475075,2018-10-14,35373,Diesel,250,Active,Columbus,61696.55,761.5,31
TRK00072,7081,Volvo,2017,1NV159099750018373,2021-02-21,14238,Diesel,200,Active,Houston,50103.7,700.6,30
TRK00073,2680,Mack,2016,1FU907674313580395,2020-12-28,49439,Diesel,200,Active,Memphis,76573.99,996.3,39
TRK00074,9452,Volvo,2015,1MT967805362821388,2015-02-08,3699,Diesel,150,Active,Indianapolis,33044.85,459.2,16
TRK00075,3042,Mack,2015,1NT719643369337760,2015-05-05,9183,Diesel,250,Inactive,Phoenix,71073.64,751.9,30
TRK00076,5670,Kenworth,2015,1NU637560149881760,2016-04-26,33023,Diesel,200,Active,Nashville,30133.21,388.90000000000003,17
TRK00077,2374,Kenworth,2015,1NU421346537524210,2017-09-10,18957,Diesel,200,Maintenance,Portland,55767.83,681.4,26
TRK00078,3626,Freightliner,2015,1FT746416854486193,2016-10-24,15346,Diesel,150,Active,Phoenix,48928.87,839.6,29
TRK00079,5469,Mack,2015,1NV914157173264203,2015-06-30,47940,Diesel,200,Active,New York,39365.79,572.4,22
TRK00080,8361,Volvo,2015,1FT297919985452583,2015-10-15,37755,Diesel,200,Active,Miami,44894.62,504.4,21
TRK00081,9410,Freightliner,2018,1FU657752132291004,2021-07-17,20899,Diesel,200,Inactive,Detroit,73892.72,711.7,32
TRK00082,3414,Peterbilt,2015,1NV425914685665284,2016-12-16,37845,Diesel,150,Active,Miami,40181.67,602.0,25
TRK00083,8167,Kenworth,2015,1FT739466077384341,2015-08-05,39185,Diesel,250,Active,Charlotte,11896.279999999999,247.9,10
TRK00084,2502,Freightliner,2015,1FU611549007005766,2019-11-22,44075,Diesel,150,Active,New York,34743.79,372.0,17
TRK00085,4637,Kenworth,2015,1MT667695252589838,2018-05-26,21015,Diesel,250,Active,Dallas,48812.659999999996,791.2,30
TRK00086,8391,Freightliner,2015,1MU472314018835209,2015-03-21,15525,Diesel,150,Active,Phoenix,42953.68,432.9,20
TRK00087,6727,Peterbilt,2015,1NV829905893174057,2016-09-01,19776,Diesel,150,Maintenance,Las Vegas,37807.28,425.3,20
TRK00088,1436,Peterbilt,2015,1VV115857818975755,2016-05-19,9388,Diesel,200,Inactive,Miami,66959.88,707.5,26
TRK00089,7797,International,2019,1VU859309706861616,2020-04-24,43267,Diesel,250,Active,Las Vegas,33730.47,611.4,21
TRK00090,1872,Volvo,2017,1NT680153134413264,2021-04-23,34160,Diesel,250,Active,Detroit,53850.82,563.3,27
TRK00091,7495,International,2015,1VT853515078943231,2016-12-13,14486,Diesel,250,Active,Charlotte,59491.03,595.3,26
TRK00092,9224,Volvo,2015,1FT258316710836362,2020-11-04,27103,Diesel,250,Active,Dallas,41671.119999999995,433.6,24
TRK00093,7126,Peterbilt,2015,1MU379279972794550,2018-02-25,19693,Diesel,200,Active,Denver,41656.12,565.0,25
TRK00094,4862,Freightliner,2015,1FU365172928294515,2021-01-21,18032,Diesel,200,Inactive,Miami,36539.82,421.3,16
TRK00095,7326,Mack,2015,1MU471127926628434,2016-05-06,3994,Diesel,150,Active,Houston,50127.64,439.6,21
TRK00096,2337,Kenworth,2018,1VV745004113400907,2020-01-26,36485,Diesel,150,Active,Oklahoma City,40652.49,515.1,23
TRK00097,7142,Peterbilt,2016,1FU504820655065872,2021-07-25,38775,Diesel,200,Active,Salt Lake City,39758.74,431.8,17
TRK00098,4678,Peterbilt,2018,1NT233108199589879,2019-03-24,48182,Diesel,150,Active,Charlotte,41318.95,460.3,18
TRK00099,1461,Freightliner,2015,1MU556456925295542,2017-02-03,11477,Diesel,200,Active,Kansas City,73231.77,743.7,34
TRK00100,6221,Mack,2015,1VV819124058535238,2017-01-28,41025,Diesel,250,Inactive,Kansas City,47941.29,613.1999999999999,23
TRK00101,2623,Peterbilt,2015,1VU348655476430824,2016-02-16,44482,Diesel,150,Active,Philadelphia,32866.18,404.4,18
TRK00102,6493,Peterbilt,2015,1NT272470760513799,2016-02-21,27997,Diesel,200,Inactive,Minneapolis,38928.81,567.5,23
TRK00103,3392,Freightliner,2015,1MV782002103958545,2015-03-02,36428,Diesel,250,Active,Los Angeles,54986.22,747.2,29
TRK00104,3254,Peterbilt,2018,1VU718383816155959,2020-03-22,32481,Diesel,250,Maintenance,New York,44728.9,539.6,25
TRK00105,1627,Volvo,2015,1MV847705711168299,2017-12-03,3072,Diesel,250,Active,Detroit,43254.14,805.8,30
TRK00106,5700,Volvo,2017,1NT949762201559873,2017-10-27,22571,Diesel,200,Active,Atlanta,57457.909999999996,719.7,27
TRK00107,8740,Mack,2017,1FV694670205670221,2018-10-31,42160,Diesel,200,Active,Portland,31131.25,341.2,17
TRK00108,3273,Volvo,2015,1VT735199537843337,2017-08-29,43997,Diesel,200,Active,Seattle,49829.9,750.3,30
TRK00109,8685,Volvo,2015,1FT716597654505822,2017-06-02,24979,Diesel,250,Maintenance,Kansas City,38929.71,483.3,19
TRK00110,8349,Peterbilt,2016,1NV268717210259310,2018-03-18,34371,Diesel,250,Active,Portland,41633.69,634.7,26
TRK00111,1086,Kenworth,2015,1NU685854389033038,2015-04-20,20888,Diesel,250,Active,Seattle,56532.69,615.3,28
TRK00112,2298,Volvo,2016,1MT331261140931634,2021-06-01,45633,Diesel,200,Active,Minneapolis,55381.53,635.9,26
TRK00113,1311,Mack,2015,1MT674631830199518,2018-04-02,27284,Diesel,200,Active,Seattle,34955.26,475.4,20
TRK00114,5193,Volvo,2016,1MT248556276310965,2021-04-07,26755,Diesel,150,Active,Las Vegas,35187.3,469.5,19
TRK00115,4533,Peterbilt,2015,1MU165006752005085,2018-04-22,9779,Diesel,250,Active,Salt Lake City,52635.71,767.9,31
TRK00116,3449,International,2019,1MV446968103715126,2020-12-10,19653,Diesel,200,Active,Kansas City,39736.84,366.2,18
TRK00117,9991,Peterbilt,2015,1FU939700479057712,2015-09-30,24671,Diesel,150,Inactive,New York,25579.03,271.0,15
TRK00118,9647,Freightliner,2015,1NV150990165397549,2017-09-01,12050,Diesel,150,Inactive,Detroit,71005.77,917.3,35
TRK00119,7934,Mack,2015,1MU171789091515507,2018-10-26,49441,Diesel,250,Inactive,Seattle,43409.1,489.6,24
TRK00120,2821,Volvo,2017,1FT135731860465802,2019-03-06,35253,Diesel,250,Active,Kansas City,49438.39,732.7,26
